OceanStor Toolkit V2R3C00RC3.zip,[工具包]Toolkit中国区版本安装包（仅限中国区使用）,347.32MB,2017/12/04,1605
OceanStor Toolkit V2R3C00RC3_Tool_CollectDeviceArchivesG2.zip,[工具包]设备档案收集,26.09MB,2017/12/04,817
OceanStor Toolkit V2R3C00RC3_Tool_DeviceCabelDetect.zip,[工具包]线缆检查工具,26.58MB,2017/12/04,126
OceanStor Toolkit V2R3C00RC3_Tool_DiskHealthAnalysis.zip,[工具包]硬盘健康分析,12.53MB,2017/12/04,905
OceanStor Toolkit V2R3C00RC3_Tool_InfoCollect.zip,[工具包]信息收集,30.34MB,2017/12/04,988
OceanStor Toolkit V2R3C00RC3_Tool_InfoGrab.zip,[工具包]InfoGrab,39.30MB,2017/12/04,936
OceanStor Toolkit V2R3C00RC3_Tool_Inspection.zip,[工具包]巡检,86.12MB,2017/12/04,1402
OceanStor Toolkit V2R3C00RC3_Tool_RemoteService.zip,[工具包]远程服务工具,135.94MB,2017/12/04,36
OceanStor Toolkit V2R3C00RC1_Tool_CollectDeviceArchivesG2.zip,[工具包]设备档案收集,25.51MB,2017/11/03,812
OceanStor Toolkit V2R3C00RC3_Tool_UpgradeEvaluation(G2).zip,[工具包]升级评估G2,79.81MB,2017/12/04,970
OceanStor Toolkit V2R3C00RC3_Tool_cru.zip,[工具包]CRU更换,499.42MB,2017/12/04,365
OceanStor Toolkit V2R3C00RC1_Tool_DeviceCabelDetect.zip,[工具包]线缆检查工具,26.58MB,2017/11/03,181
OceanStor Toolkit V2R3C00RC1_Tool_InfoCollect.zip,[工具包]信息收集,30.15MB,2017/11/03,1022
OceanStor Toolkit V2R3C00RC1_Tool_InfoGrab.zip,[工具包]InfoGrab,38.64MB,2017/11/03,1047
OceanStor Toolkit V2R3C00RC1_Tool_RemoteService.zip,[工具包]远程服务工具,134.80MB,2017/11/03,37
OceanStor Toolkit V2R3C00RC1_Tool_UpgradeEvaluation(G2).zip,[工具包]升级评估G2,79.75MB,2017/11/03,1095
OceanStor Toolkit V2R3C00RC1_Tool_cru.zip,[工具包]CRU更换,443.43MB,2017/11/03,386
OceanStor Toolkit V2R3C00RC2.zip,[工具包]Toolkit中国区版本安装包（仅限中国区使用）,345.38MB,2017/11/03,1752
OceanStor Toolkit V2R3C00RC2_Tool_DiskHealthAnalysis.zip,[工具包]硬盘健康分析,12.52MB,2017/11/03,932
OceanStor Toolkit V2R3C00RC2_Tool_Inspection.zip,[工具包]巡检,85.18MB,2017/11/03,1676
ultrapath_hostinfo_analyze_tool.zip,[工具包]多路径信息收集工具,63.92MB,2017/11/03,68
OceanStor Toolkit V2R3C00RC1.zip,[工具包]Toolkit中国区版本安装包（仅限中国区使用）,345.40MB,2017/10/31,249
OceanStor Toolkit V2R3C00RC1_Tool_ArrayInitializationConfiguration.zip,[工具包]企业存储默认管理IP修改工具,13.25MB,2017/10/31,223
OceanStor Toolkit V2R3C00RC1_Tool_CollectDeviceArchivesG2.zip,[工具包]设备档案收集,25.51MB,2017/10/31,13
OceanStor Toolkit V2R3C00RC1_Tool_DeviceCabelDetect.zip,[工具包]线缆检查工具,26.58MB,2017/10/31,8
OceanStor Toolkit V2R3C00RC1_Tool_DiskHealthAnalysis.zip,[工具包]硬盘健康分析,12.52MB,2017/10/31,17
OceanStor Toolkit V2R3C00RC1_Tool_InfoCollect.zip,[工具包]信息收集,30.15MB,2017/10/31,17
OceanStor Toolkit V2R3C00RC1_Tool_InfoGrab.zip,[工具包]InfoGrab,38.64MB,2017/10/31,18
OceanStor Toolkit V2R3C00RC1_Tool_Inspection.zip,[工具包]巡检,85.18MB,2017/10/31,21
OceanStor Toolkit V2R3C00RC1_Tool_RemoteService.zip,[工具包]远程服务工具,134.80MB,2017/10/31,9
OceanStor Toolkit V2R3C00RC1_Tool_UpgradeEvaluation(G2).zip,[工具包]升级评估G2,79.75MB,2017/10/31,25
OceanStor Toolkit V2R3C00RC1_Tool_cru.zip,[工具包]CRU更换,443.43MB,2017/10/31,13
